[
  {
    "location": "Dindigul",
    "A+": 2500,
    "A-": 1200,
    "B+": 3100,
    "B-": 1700,
    "AB+": 1000,
    "AB-": 900,
    "O+": 4200,
    "O-": 2200,
    "addresses": [
      "Government District Headquarters Hospital, Dindigul - 624003",
      "Velan Blood Bank, Palani Road, Dindigul - 624001",
      "Gandhigram Trust Hospital, Chinnalapatti, Dindigul - 624302"
    ]
  },
  {
    "location": "Ariyalur",
    "A+": 0,
    "A-": 0,
    "B+": 0,
    "B-": 0,
    "AB+": 0,
    "AB-": 0,
    "O+": 0,
    "O-": 0,
    "addresses": [
      "Government Hospital Blood Bank, Ariyalur - 621704",
      "Sri Lakshmi Blood Bank, Jayankondam, Ariyalur - 621802",
      "Annai Blood Bank, Udayarpalayam, Ariyalur - 621805"
    ]
  },
  {
    "location": "Vellore",
    "A+": 2900,
    "A-": 1400,
    "B+": 3500,
    "B-": 2000,
    "AB+": 1300,
    "AB-": 900,
    "O+": 4600,
    "O-": 2500,
    "addresses": [
      "Christian Medical College Blood Bank, Bagayam, Vellore - 632004",
      "Government Vellore Medical College, Adukkamparai, Vellore - 632011",
      "Apollo KH Hospital Blood Bank, Melvisharam, Vellore - 632509"
    ]
  },
  {
    "location": "Mayiladuthurai",
    "A+": 0,
    "A-": 0,
    "B+": 0,
    "B-": 0,
    "AB+": 0,
    "AB-": 0,
    "O+": 350,
    "O-": 0,
    "addresses": [
      "Government District Hospital, Mayiladuthurai - 609001",
      "Annai Blood Bank, Near Bus Stand, Mayiladuthurai - 609003",
      "Lakshmi Blood Bank, Kamaraj Road, Mayiladuthurai - 609004"
    ]
  },
  {
    "location": "Madurai",
    "A+": 3000,
    "A-": 1400,
    "B+": 3400,
    "B-": 2000,
    "AB+": 900,
    "AB-": 1000,
    "O+": 4700,
    "O-": 2500,
    "addresses": [
      "Government Rajaji Hospital, Alagar Kovil Road, Madurai - 625020",
      "Apollo Speciality Hospital, KK Nagar, Madurai - 625020",
      "Velammal Medical College, Anuppanadi, Madurai - 625009"
    ]
  },
  {
    "location": "Salem",
    "A+": 2700,
    "A-": 1300,
    "B+": 3200,
    "B-": 1700,
    "AB+": 1150,
    "AB-": 850,
    "O+": 4300,
    "O-": 2200,
    "addresses": [
      "Vinayaka Missions Hospital, Ariyanoor, Salem - 636308",
      "Gokulam Hospitals, Fairlands, Salem - 636016",
      "Government Mohan Kumaramangalam Medical College, Salem - 636030"
    ]
  },
  {
    "location": "Dharmapuri",
    "A+": 0,
    "A-": 0,
    "B+": 0,
    "B-": 0,
    "AB+": 0,
    "AB-": 0,
    "O+": 0,
    "O-": 0,
    "addresses": [
      "Government Medical College Blood Bank, Dharmapuri - 636701",
      "Surya Blood Bank, Pennagaram Road, Dharmapuri - 636705",
      "Apollo Hospitals Blood Bank, Dharmapuri - 636702"
    ]
  },
  {
    "location": "Tenkasi",
    "A+": 0,
    "A-": 0,
    "B+": 0,
    "B-": 0,
    "AB+": 0,
    "AB-": 0,
    "O+": 0,
    "O-": 0,
    "addresses": [
      "Government District Hospital, Tenkasi - 627811",
      "Sri Ram Blood Bank, Kadayanallur, Tenkasi - 627751",
      "Meenakshi Blood Bank, Courtallam Road, Tenkasi - 627803"
    ]
  },
  {
    "location": "Tirupathur",
    "A+": 0,
    "A-": 0,
    "B+": 0,
    "B-": 0,
    "AB+": 0,
    "AB-": 0,
    "O+": 0,
    "O-": 0,
    "addresses": [
      "Government District Hospital Blood Bank, Tirupathur - 635601",
      "Lakshmi Blood Bank, Vaniyambadi, Tirupathur - 635752",
      "Meenakshi Blood Bank, Ambur Road, Tirupathur - 635702"
    ]
  },
  {
    "location": "Tiruvallur",
    "A+": 0,
    "A-": 0,
    "B+": 0,
    "B-": 0,
    "AB+": 0,
    "AB-": 0,
    "O+": 0,
    "O-": 0,
    "addresses": [
      "Government District Headquarters Hospital, Tiruvallur - 602001",
      "Apollo Blood Bank, Poonamallee, Tiruvallur - 600056",
      "Red Cross Blood Bank, Avadi, Tiruvallur - 600071"
    ]
  },
  {
    "location": "Tiruvannamalai",
    "A+": 0,
    "A-": 0,
    "B+": 0,
    "B-": 0,
    "AB+": 0,
    "AB-": 0,
    "O+": 0,
    "O-": 0,
    "addresses": [
      "Government Tiruvannamalai Medical College, Tiruvannamalai - 606603",
      "Annamalai Hospital Blood Bank, Thiruvoodal Street, Tiruvannamalai - 606601",
      "Jaya Hospital Blood Bank, Chengam Road, Tiruvannamalai - 606603"
    ]
  },
  {
    "location": "Thoothukudi",
    "A+": 2600,
    "A-": 1300,
    "B+": 3100,
    "B-": 1800,
    "AB+": 1100,
    "AB-": 900,
    "O+": 4200,
    "O-": 2300,
    "addresses": [
      "Government Medical College, Thoothukudi - 628008",
      "Shifa Hospital Blood Bank, Millerpuram, Thoothukudi - 628002",
      "Vasan Medical Centre, Bryant Nagar, Thoothukudi - 628008"
    ]
  },
  {
    "location": "Erode",
    "A+": 2700,
    "A-": 1300,
    "B+": 3400,
    "B-": 1900,
    "AB+": 500,
    "AB-": 900,
    "O+": 4500,
    "O-": 2300,
    "addresses": [
      "KMCH Blood Bank, Perundurai, Erode - 638052",
      "Government Erode Medical College, Perundurai - 638052",
      "Lotus Hospital Blood Bank, Thindal, Erode - 638012"
    ]
  },
  {
    "location": "Chengalpattu",
    "A+": 0,
    "A-": 0,
    "B+": 0,
    "B-": 0,
    "AB+": 0,
    "AB-": 0,
    "O+": 0,
    "O-": 0,
    "addresses": [
      "Government Chengalpattu Medical College, Chengalpattu - 603001",
      "Global Hospitals Blood Bank, Kelambakkam, Chengalpattu - 603103",
      "Apollo Hospitals Blood Bank, Mahindra City, Chengalpattu - 603002"
    ]
  },
  {
    "location": "Perambalur",
    "A+": 0,
    "A-": 0,
    "B+": 0,
    "B-": 0,
    "AB+": 0,
    "AB-": 0,
    "O+": 0,
    "O-": 0,
    "addresses": [
      "Government District Hospital Blood Bank, Perambalur - 621212",
      "Sudha Blood Bank, Near Bus Stand, Perambalur - 621219",
      "Sankara Blood Bank, NH Road, Perambalur - 621213"
    ]
  },
  {
    "location": "Pudukkottai",
    "A+": 0,
    "A-": 0,
    "B+": 0,
    "B-": 0,
    "AB+": 0,
    "AB-": 0,
    "O+": 0,
    "O-": 0,
    "addresses": [
      "Government Medical College, Mullur, Pudukkottai - 622004",
      "Meenakshi Hospital Blood Bank, Pudukkottai - 622001",
      "Vinayaga Hospital Blood Bank, Subramaniapuram, Pudukkottai - 622002"
    ]
  },
  {
    "location": "Ramanathapuram",
    "A+": 0,
    "A-": 0,
    "B+": 0,
    "B-": 0,
    "AB+": 0,
    "AB-": 0,
    "O+": 0,
    "O-": 0,
    "addresses": [
      "Government District Hospital, Ramanathapuram - 623503",
      "Apollo Blood Bank, Rameswaram Road, Ramanathapuram - 623502",
      "Anbu Blood Bank, Keelakarai, Ramanathapuram - 623517"
    ]
  },
  {
    "location": "Sivagangai",
    "A+": 0,
    "A-": 0,
    "B+": 0,
    "B-": 0,
    "AB+": 0,
    "AB-": 0,
    "O+": 0,
    "O-": 0,
    "addresses": [
      "Government Sivagangai Medical College, Sivagangai - 630561",
      "Madha Blood Bank, Kalayarkoil, Sivagangai - 630551",
      "Vel Blood Bank, Manamadurai, Sivagangai - 630606"
    ]
  },
  {
    "location": "Coimbatore",
    "A+": 2800,
    "A-": 1400,
    "B+": 3350,
    "B-": 2000,
    "AB+": 1500,
    "AB-": 1000,
    "O+": 4800,
    "O-": 2600,
    "addresses": [
      "Ganga Hospital Blood Bank, Mettupalayam Road, Coimbatore - 641043",
      "PSG Hospitals, Peelamedu, Coimbatore - 641004",
      "Kovai Medical Center & Hospital, Avinashi Road, Coimbatore - 641014"
    ]
  },
  {
    "location": "Thanjavur",
    "A+": 2600,
    "A-": 1300,
    "B+": 3250,
    "B-": 1800,
    "AB+": 1100,
    "AB-": 900,
    "O+": 4200,
    "O-": 2300,
    "addresses": [
      "Government Medical College Blood Bank, Thanjavur - 613004",
      "Rajarajeswari Blood Bank, Gandhiji Road, Thanjavur - 613001",
      "Meenakshi Hospital Blood Bank, Thanjavur - 613007"
    ]
  },
  {
    "location": "Nagapattinam",
    "A+": 0,
    "A-": 0,
    "B+": 0,
    "B-": 0,
    "AB+": 0,
    "AB-": 0,
    "O+": 0,
    "O-": 0,
    "addresses": [
      "Government Medical College, Velippalayam, Nagapattinam - 611001",
      "Apollo Hospital Blood Bank, Nagore Road, Nagapattinam - 611002",
      "Rajah Muthiah Blood Bank, Nagapattinam - 611003"
    ]
  },
  {
    "location": "Kanniyakumari",
    "A+": 2500,
    "A-": 1300,
    "B+": 2750,
    "B-": 1800,
    "AB+": 50,
    "AB-": 900,
    "O+": 4100,
    "O-": 2200,
    "addresses": [
      "Government Medical College, Asaripallam, Kanniyakumari - 629201",
      "Holy Cross Hospital Blood Bank, Nagercoil - 629004",
      "Annai Hospital Blood Bank, Kottaram, Kanniyakumari - 629702"
    ]
  },
  {
    "location": "Kallakurichi",
    "A+": 0,
    "A-": 0,
    "B+": 0,
    "B-": 0,
    "AB+": 500,
    "AB-": 0,
    "O+": 0,
    "O-": 0,
    "addresses": [
      "Government District Hospital Blood Bank, Kallakurichi - 606202",
      "Maha Blood Bank, Near Bus Stand, Kallakurichi - 606213",
      "Annai Blood Bank, Ulundurpet, Kallakurichi - 607302"
    ]
  },
  {
    "location": "Chennai",
    "A+": 3200,
    "A-": 1500,
    "B+": 4000,
    "B-": 2200,
    "AB+": 1300,
    "AB-": 800,
    "O+": 5000,
    "O-": 2700,
    "addresses": [
      "Apollo Blood Bank, Greams Road, Chennai - 600006",
      "Rajiv Gandhi Govt. Hospital, Park Town, Chennai - 600003",
      "Rotary Central-TTK Blood Bank, Nungambakkam, Chennai - 600034"
    ]
  },
  {
    "location": "Kanchipuram",
    "A+": 2600,
    "A-": 1300,
    "B+": 3200,
    "B-": 1800,
    "AB+": 1150,
    "AB-": 850,
    "O+": 4300,
    "O-": 2400,
    "addresses": [
      "Government Hospital Blood Bank, Kanchipuram - 631501",
      "Meenakshi Medical College Hospital, Enathur, Kanchipuram - 631552",
      "Sri Narayani Hospital Blood Bank, Sriperumbudur, Kanchipuram - 631604"
    ]
  },
  {
    "location": "Tirunelveli",
    "A+": 2700,
    "A-": 1300,
    "B+": 3200,
    "B-": 1700,
    "AB+": 1150,
    "AB-": 850,
    "O+": 4300,
    "O-": 2200,
    "addresses": [
      "Tirunelveli Medical College, High Ground, Tirunelveli - 627011",
      "Aravind Eye Hospital Blood Bank, Tirunelveli - 627002",
      "Annai Velankanni Hospital, Palayamkottai, Tirunelveli - 627007"
    ]
  },
  {
    "location": "Namakkal",
    "A+": 0,
    "A-": 0,
    "B+": 0,
    "B-": 0,
    "AB+": 0,
    "AB-": 0,
    "O+": 0,
    "O-": 0,
    "addresses": [
      "Government District Headquarters Hospital, Namakkal - 637001",
      "Gokulam Blood Bank, Rasipuram, Namakkal - 637408",
      "Aravind Blood Bank, Tiruchengode, Namakkal - 637211"
    ]
  },
  {
    "location": "Tiruppur",
    "A+": 2900,
    "A-": 1400,
    "B+": 3500,
    "B-": 2000,
    "AB+": 1300,
    "AB-": 900,
    "O+": 4600,
    "O-": 2500,
    "addresses": [
      "Government District Hospital, Tiruppur - 641601",
      "Lotus Blood Bank, Avinashi Road, Tiruppur - 641603",
      "Sri Kumaran Blood Bank, Kangayam Road, Tiruppur - 641604"
    ]
  },
  {
    "location": "Krishnagiri",
    "A+": 2300,
    "A-": 1100,
    "B+": 2900,
    "B-": 1500,
    "AB+": 950,
    "AB-": 750,
    "O+": 3900,
    "O-": 2100,
    "addresses": [
      "Government Medical College, Krishnagiri - 635115",
      "Apollo Hospitals Blood Bank, Krishnagiri - 635001",
      "Sri Krishna Blood Bank, Rayakottai Road, Krishnagiri - 635116"
    ]
  },
  {
    "location": "Cuddalore",
    "A+": 0,
    "A-": 0,
    "B+": 0,
    "B-": 0,
    "AB+": 2100,
    "AB-": 0,
    "O+": 0,
    "O-": 0,
    "addresses": [
      "Government District Headquarters Hospital, Cuddalore - 607001",
      "Pondy Blood Bank, Near Old Bus Stand, Cuddalore - 607002",
      "Sakthi Blood Bank, Chidambaram, Cuddalore - 608001"
    ]
  },
  {
    "location": "Karur",
    "A+": 0,
    "A-": 0,
    "B+": 0,
    "B-": 0,
    "AB+": 0,
    "AB-": 0,
    "O+": 0,
    "O-": 0,
    "addresses": [
      "Government Medical College Blood Bank, Karur - 639007",
      "Apollo Hospital Blood Bank, Coimbatore Road, Karur - 639002",
      "Sri Hospital Blood Bank, Thirugampuliur, Karur - 639001"
    ]
  },
  {
    "location": "Theni",
    "A+": 0,
    "A-": 0,
    "B+": 0,
    "B-": 0,
    "AB+": 0,
    "AB-": 0,
    "O+": 0,
    "O-": 0,
    "addresses": [
      "Government Medical College Blood Bank, Theni - 625531",
      "Apollo Blood Bank, Periyakulam Road, Theni - 625534",
      "Kumaran Blood Bank, Andipatti, Theni - 625512"
    ]
  },
  {
    "location": "Tiruchirappalli",
    "A+": 2800,
    "A-": 1400,
    "B+": 2450,
    "B-": 1900,
    "AB+": 700,
    "AB-": 1000,
    "O+": 4500,
    "O-": 2400,
    "addresses": [
      "Kauvery Hospital Blood Bank, Tennur, Trichy - 620017",
      "ABC Blood Bank, Puthur, Trichy - 620001",
      "SRM Medical College, Irungalur, Trichy - 621105"
    ]
  },
  {
    "location": "Ranipet",
    "A+": 0,
    "A-": 0,
    "B+": 0,
    "B-": 0,
    "AB+": 0,
    "AB-": 0,
    "O+": 0,
    "O-": 0,
    "addresses": [
      "Government District Hospital Blood Bank, Ranipet - 632403",
      "Apollo KH Blood Bank, Arcot Road, Ranipet - 632505",
      "Star Blood Bank, Sholinghur, Ranipet - 632601"
    ]
  }
]
